Number;Content Curator;Type;ID entities;Owner entities;Act;Warn;Date;Time (optional);Reason or other comments;Network
496;IgreX;Video\10;https://play.joystream.org/video/3152;3142;Censored;;24.05.2021;;;Old
497;IgreX;Video\10;https://play.joystream.org/video/3049;0;Warn;;24.05.2021;;;Old
498;Meskalin;Video\10;https://play.joystream.org/video/3278;2291;Accepted;;24.05.2021;;;Old
499;Meskalin;Video\10;https://play.joystream.org/video/3273;2291;Accepted;;24.05.2021;;;Old
500;Meskalin;Video\10;https://play.joystream.org/video/3268;2291;Accepted;;24.05.2021;;;Old
501;Meskalin;Video\10;https://play.joystream.org/video/3263;2291;Accepted;;24.05.2021;;;Old
502;Meskalin;Video\10;https://play.joystream.org/video/3258;2291;Accepted;;24.05.2021;;;Old
503;Meskalin;Video\10;https://play.joystream.org/video/3253;2291;Accepted;https://testnet.joystream.org/#/forum/threads/329?page=5&replyIdx=44;26.05.2021;;Thumbnail not showing;Old
504;Meskalin;Video\10;https://play.joystream.org/video/3248;2291;Accepted;;24.05.2021;;;Old
505;Meskalin;Video\10;https://play.joystream.org/video/3243;2291;Accepted;;24.05.2021;;;Old
506;Meskalin;Video\10;https://play.joystream.org/video/3238;2291;Accepted;;24.05.2021;;;Old
507;Meskalin;Video\10;https://play.joystream.org/video/3233;3223;Warn;https://testnet.joystream.org/#/forum/threads/329?page=5&replyIdx=44;24.05.2021;;Thumbnail not showing;Old
508;Meskalin;Video\10;https://play.joystream.org/video/3228;2291;Accepted;;24.05.2021;;;Old
509;Meskalin;Video\10;https://play.joystream.org/video/3222;2291;Accepted;;24.05.2021;;;Old
510;Meskalin;Video\10;https://play.joystream.org/video/3217;2291;Accepted;;24.05.2021;;;Old
511;Meskalin;Video\10;https://play.joystream.org/video/3212;2291;Accepted;;24.05.2021;;;Old
512;Meskalin;Video\10;https://play.joystream.org/video/3207;2291;Accepted;;24.05.2021;;;Old
513;Meskalin;Video\10;https://play.joystream.org/video/3202;2291;Accepted;;24.05.2021;;;Old
514;Meskalin;Video\10;https://play.joystream.org/video/3197;2291;Accepted;;24.05.2021;;;Old
515;Meskalin;Video\10;https://play.joystream.org/video/3192;2291;Accepted;;24.05.2021;;;Old
516;Meskalin;Video\10;https://play.joystream.org/video/3187;2291;Accepted;;24.05.2021;;;Old
517;Meskalin;Video\10;https://play.joystream.org/video/3182;2291;Accepted;;24.05.2021;;;Old
518;Meskalin;Video\10;https://play.joystream.org/video/3172;2291;Accepted;;24.05.2021;;;Old
519;Meskalin;Video\10;https://play.joystream.org/video/3167;2291;Accepted;;24.05.2021;;;Old
520;Meskalin;Video\10;https://play.joystream.org/video/3162;2291;Accepted;;24.05.2021;;;Old
521;Meskalin;Video\10;https://play.joystream.org/video/3157;2291;Accepted;;24.05.2021;;;Old
522;leet_joy;Video\10;https://play.joystream.org/video/32;35;Accepted;;28.05.2021;;;New
523;leet_joy;Video\10;https://play.joystream.org/video/31;34;Accepted;;28.05.2021;;;New
524;leet_joy;Video\10;https://play.joystream.org/video/30;34;Accepted;;28.05.2021;;;New
525;leet_joy;Video\10;https://play.joystream.org/video/29;32;Accepted;;28.05.2021;;;New
526;leet_joy;Video\10;https://play.joystream.org/video/27;32;Accepted;;28.05.2021;;;New
527;leet_joy;Video\10;https://play.joystream.org/video/28;33;Accepted;;28.05.2021;;;New
528;leet_joy;Video\10;https://play.joystream.org/video/26;31;Accepted;;28.05.2021;;;New
529;leet_joy;Video\10;https://play.joystream.org/video/25;30;Accepted;;28.05.2021;;;New
530;leet_joy;Video\10;https://play.joystream.org/video/23;30;Accepted;;28.05.2021;;;New
531;leet_joy;Video\10;https://play.joystream.org/video/22;29;Accepted;;28.05.2021;;;New
532;leet_joy;Video\10;https://play.joystream.org/video/39;23;Accepted;;28.05.2021;;;New
533;leet_joy;Video\10;https://play.joystream.org/video/38;41;Accepted;;28.05.2021;;;New
534;leet_joy;Video\10;https://play.joystream.org/video/37;41;Accepted;;28.05.2021;;;New
535;leet_joy;Video\10;https://play.joystream.org/video/36;38;Accepted;;28.05.2021;;;New
536;leet_joy;Video\10;https://play.joystream.org/video/35;39;Accepted;;28.05.2021;;;New
537;leet_joy;Video\10;https://play.joystream.org/video/33;36;Accepted;;28.05.2021;;;New
538;leet_joy;Video\10;https://play.joystream.org/video/51;48;Accepted;;28.05.2021;;;New
539;leet_joy;Video\10;https://play.joystream.org/video/47;48;Accepted;;28.05.2021;;;New
540;leet_joy;Video\10;https://play.joystream.org/video/46;48;Accepted;;28.05.2021;;;New
541;leet_joy;Video\10;https://play.joystream.org/video/45;48;Accepted;;28.05.2021;;;New
542;leet_joy;Video\10;https://play.joystream.org/video/44;48;Accepted;;28.05.2021;;;New
543;leet_joy;Video\10;https://play.joystream.org/video/43;48;Accepted;;28.05.2021;;;New
544;leet_joy;Video\10;https://play.joystream.org/video/52;44;Accepted;;28.05.2021;;;New
545;leet_joy;Video\10;https://play.joystream.org/video/61;48;Accepted;;28.05.2021;;;New
546;leet_joy;Video\10;https://play.joystream.org/video/58;48;Accepted;;28.05.2021;;;New
547;leet_joy;Video\10;https://play.joystream.org/video/57;48;Accepted;;28.05.2021;;;New
548;leet_joy;Video\10;https://play.joystream.org/video/56;48;Accepted;;28.05.2021;;;New
549;leet_joy;Video\10;https://play.joystream.org/video/55;48;Accepted;;28.05.2021;;;New
550;leet_joy;Video\10;https://play.joystream.org/video/54;48;Accepted;;28.05.2021;;;New
551;prontera#3425;Video\10;https://play.joystream.org/video/72;56;Accepted;;28.05.2021;;;New
552;prontera#3425;Video\10;https://play.joystream.org/video/70;56;Accepted;;28.05.2021;;;New
553;prontera#3425;Video\10;https://play.joystream.org/video/67;26;Accepted;;28.05.2021;;;New
554;prontera#3425;Video\10;https://play.joystream.org/video/66;26;Accepted;;28.05.2021;;;New
555;prontera#3425;Video\10;https://play.joystream.org/video/65;26;Accepted;;28.05.2021;;;New
556;prontera#3425;Video\10;https://play.joystream.org/video/50;51;Accepted;;28.05.2021;;;New
557;prontera#3425;Video\10;https://play.joystream.org/video/42;46;Accepted;;28.05.2021;;;New
558;leet_joy;Video\10;https://play.joystream.org/video/76;48;Accepted;;29.05.2021;;;New
559;leet_joy;Video\10;https://play.joystream.org/video/69;48;Accepted;;29.05.2021;;;New
560;leet_joy;Video\10;https://play.joystream.org/video/63;48;Accepted;;29.05.2021;;;New
561;leet_joy;Video\10;https://play.joystream.org/video/64;48;Accepted;;29.05.2021;;;New
562;leet_joy;Video\10;https://play.joystream.org/video/62;48;Accepted;;29.05.2021;;;New
563;IgreX;Video\10;https://play.joystream.org/video/101;70;Accepted;;29.05.2021;;;New
564;IgreX;Video\10;https://play.joystream.org/video/97;71;Accepted;;29.05.2021;;;New
565;IgreX;Video\10;https://play.joystream.org/video/107;74;Accepted;;29.05.2021;;;New
566;prontera#3425;Video\10;https://play.joystream.org/video/130;76;Accepted;;30.05.2021;;;New
567;prontera#3425;Video\10;https://play.joystream.org/video/128;76;Accepted;;30.05.2021;;;New
568;prontera#3425;Video\10;https://play.joystream.org/video/127;76;Accepted;;30.05.2021;;;New
569;prontera#3425;Video\10;https://play.joystream.org/video/126;76;Accepted;;30.05.2021;;;New
570;prontera#3425;Video\10;https://play.joystream.org/video/132;76;Accepted;;30.05.2021;;;New
571;prontera#3425;Video\10;https://play.joystream.org/video/134;76;Accepted;;30.05.2021;;;New
572;IgreX;Video\10;https://play.joystream.org/video/103;71;Accepted;;30.05.2021;;;New
573;IgreX;Video\10;https://play.joystream.org/video/102;71;Accepted;;30.05.2021;;;New
574;IgreX;Video\10;https://play.joystream.org/video/100;71;Accepted;;30.05.2021;;;New
575;IgreX;Video\10;https://play.joystream.org/video/98;71;Accepted;;30.05.2021;;;New
576;IgreX;Video\10;https://play.joystream.org/video/96;71;Accepted;;30.05.2021;;;New
577;Meskalin;Video\10;https://play.joystream.org/video/140;80;Accepted;;30.05.2021;;;New
578;Meskalin;Video\10;https://play.joystream.org/video/125;78;Accepted;;30.05.2021;;;New
579;Meskalin;Video\10;https://play.joystream.org/video/123;64;Accepted;;30.05.2021;;;New
580;IgreX;Video\10;https://play.joystream.org/video/1;2;Accepted;;30.05.2021;;;New
581;Meskalin;Video\10;https://play.joystream.org/video/122;64;Accepted;;30.05.2021;;;New
582;Meskalin;Video\10;https://play.joystream.org/video/119;64;Accepted;;30.05.2021;;;New
583;Meskalin;Video\10;https://play.joystream.org/video/118;64;Accepted;;30.05.2021;;;New
584;IgreX;Video\10;https://play.joystream.org/video/3;2;Accepted;;30.05.2021;;;New
585;IgreX;Video\10;https://play.joystream.org/video/2;2;Accepted;;30.05.2021;;;New
586;Meskalin;Video\10;https://play.joystream.org/video/117;64;Accepted;;30.05.2021;;;New
587;Meskalin;Video\10;https://play.joystream.org/video/115;64;Accepted;;30.05.2021;;;New
588;Meskalin;Video\10;https://play.joystream.org/video/114;64;Accepted;;30.05.2021;;;New
589;Meskalin;Video\10;https://play.joystream.org/video/113;64;Accepted;;30.05.2021;;;New
590;leet_joy;Video\10;https://play.joystream.org/video/151;75;Accepted;;30.05.2021;;;New
591;leet_joy;Video\10;https://play.joystream.org/video/149;75;Accepted;;30.05.2021;;;New
592;leet_joy;Video\10;https://play.joystream.org/video/147;75;Accepted;;30.05.2021;;;New
593;leet_joy;Video\10;https://play.joystream.org/video/146;75;Accepted;;30.05.2021;;;New
594;leet_joy;Video\10;https://play.joystream.org/video/145;75;Accepted;;30.05.2021;;;New
595;leet_joy;Video\10;https://play.joystream.org/video/144;75;Accepted;;30.05.2021;;;New
596;leet_joy;Video\10;https://play.joystream.org/video/112;75;Accepted;;30.05.2021;;;New
597;leet_joy;Video\10;https://play.joystream.org/video/152;82;Accepted;;30.05.2021;;;New
598;prontera#3425;Video\10;https://play.joystream.org/video/148;80;Accepted;;30.05.2021;;;New
599;IgreX;Video\10;https://play.joystream.org/video/5;2;Accepted;;30.05.2021;;;New
600;IgreX;Video\11;https://play.joystream.org/video/4;2;Accepted;;30.05.2021;;;New
601;prontera#3425;Video\10;https://play.joystream.org/video/187;76;Accepted;;30.05.2021;;;New
602;IgreX;Channel\1;https://play.joystream.org/channel/58;;Accepted;https://testnet.joystream.org/#/forum/threads/329?page=5&replyIdx=47;31.05.2021;;Dupicate;New
603;IgreX;Channel\1;https://play.joystream.org/channel/57;;Censored;https://testnet.joystream.org/#/forum/threads/329?page=5&replyIdx=47;31.05.2021;;Dupicate;New
604;IgreX;Channel\1;https://play.joystream.org/channel/55;;Censored;https://testnet.joystream.org/#/forum/threads/329?page=5&replyIdx=47;31.05.2021;;Dupicate;New
605;IgreX;Channel\1;https://play.joystream.org/channel/54;;Censored;https://testnet.joystream.org/#/forum/threads/329?page=5&replyIdx=47;31.05.2021;;Dupicate;New
606;leet_joy;Video\10;https://play.joystream.org/video/191;80;Accepted;;31.05.2021;;;New
607;leet_joy;Video\10;https://play.joystream.org/video/192;80;Accepted;;31.05.2021;;;New
608;leet_joy;Video\10;https://play.joystream.org/video/193;80;Accepted;;31.05.2021;;;New
609;IgreX;Channel\1;https://play.joystream.org/channel/23;;Accepted;;31.05.2021;;;New
610;IgreX;Video\10;https://play.joystream.org/video/195;23;Accepted;;31.05.2021;;;New
611;IgreX;Video\10;https://play.joystream.org/video/196;23;Accepted;;31.05.2021;;;New
612;IgreX;Video\10;https://play.joystream.org/video/197;23;Accepted;;31.05.2021;;;New
613;IgreX;Video\10;https://play.joystream.org/video/198;23;Accepted;;31.05.2021;;;New
614;IgreX;Video\10;https://play.joystream.org/video/203;23;Accepted;;31.05.2021;;;New
615;IgreX;Video\10;https://play.joystream.org/video/202;23;Accepted;;31.05.2021;;;New
616;IgreX;Video\10;https://play.joystream.org/video/200;23;Accepted;;31.05.2021;;;New
617;IgreX;Video\10;https://play.joystream.org/video/199;23;Accepted;;31.05.2021;;;New
618;IgreX;Video\10;https://play.joystream.org/video/204;23;Accepted;;31.05.2021;;;New
619;IgreX;Video\10;https://play.joystream.org/video/205;23;Accepted;;31.05.2021;;;New
620;IgreX;Video\10;https://play.joystream.org/video/207;23;Accepted;;31.05.2021;;;New
621;IgreX;Video\10;https://play.joystream.org/video/208;23;Accepted;;31.05.2021;;;New
622;IgreX;Video\10;https://play.joystream.org/video/209;23;Accepted;;31.05.2021;;;New
623;IgreX;Video\10;https://play.joystream.org/video/210;23;Accepted;;31.05.2021;;;New
624;IgreX;Video\10;https://play.joystream.org/video/211;23;Accepted;;31.05.2021;;;New
625;IgreX;Video\10;https://play.joystream.org/video/212;23;Accepted;;31.05.2021;;;New
626;IgreX;Video\10;https://play.joystream.org/video/213;23;Accepted;;31.05.2021;;;New
627;IgreX;Video\10;https://play.joystream.org/video/214;23;Accepted;;31.05.2021;;;New
628;IgreX;Video\10;https://play.joystream.org/video/215;23;Accepted;;31.05.2021;;;New
629;IgreX;Video\10;https://play.joystream.org/video/217;23;Accepted;;31.05.2021;;;New
630;IgreX;Video\10;https://play.joystream.org/video/218;23;Accepted;;31.05.2021;;;New
631;IgreX;Video\10;https://play.joystream.org/video/221;23;Accepted;;31.05.2021;;;New
632;IgreX;Video\10;https://play.joystream.org/video/222;23;Accepted;;31.05.2021;;;New
633;IgreX;Video\10;https://play.joystream.org/video/224;23;Accepted;;31.05.2021;;;New
634;IgreX;Video\10;https://play.joystream.org/video/229;23;Accepted;;31.05.2021;;;New
635;IgreX;Video\10;https://play.joystream.org/video/228;23;Accepted;;31.05.2021;;;New
636;IgreX;Video\10;https://play.joystream.org/video/226;23;Accepted;;31.05.2021;;;New
637;IgreX;Video\10;https://play.joystream.org/video/225;23;Accepted;;31.05.2021;;;New
638;IgreX;Channel\1;https://play.joystream.org/channel/36;;Accepted;;31.05.2021;;;New
639;IgreX;Channel\1;https://play.joystream.org/channel/22;;Accepted;;31.05.2021;;;New
640;IgreX;Video\10;https://play.joystream.org/video/6;22;Accepted;;31.05.2021;;;New
641;IgreX;Channel\1;https://play.joystream.org/channel/24;;Accepted;;31.05.2021;;Empty;New
642;IgreX;Channel\1;https://play.joystream.org/channel/25;;Accepted;;31.05.2021;;;New
643;IgreX;Video\10;https://play.joystream.org/video/7;25;Accepted;;31.05.2021;;;New
644;IgreX;Channel\1;https://play.joystream.org/channel/26;;Accepted;;31.05.2021;;;New
645;IgreX;Channel\1;https://play.joystream.org/channel/27;;Accepted;;31.05.2021;;;New
646;IgreX;Video\10;https://play.joystream.org/video/10;27;Accepted;;31.05.2021;;;New
647;IgreX;Video\10;https://play.joystream.org/video/91;29;Accepted;;31.05.2021;;;New
648;IgreX;Video\10;https://play.joystream.org/video/90;29;Accepted;;31.05.2021;;;New
649;IgreX;Video\10;https://play.joystream.org/video/89;29;Accepted;;31.05.2021;;;New
650;IgreX;Channel\1;https://play.joystream.org/channel/29;;Accepted;;31.05.2021;;;New
651;IgreX;Video\10;https://play.joystream.org/video/11;28;Accepted;;31.05.2021;;;New
652;IgreX;Channel\1;https://play.joystream.org/channel/28;;Accepted;;31.05.2021;;;New
653;IgreX;Video\10;https://play.joystream.org/video/238;89;Accepted;;01.06.2021;;;New
654;IgreX;Channel\1;https://play.joystream.org/channel/89;;Accepted;;01.06.2021;;;New
655;IgreX;Channel\1;https://play.joystream.org/channel/90;;Accepted;;01.06.2021;;;New
656;IgreX;Video\10;https://play.joystream.org/video/250;92;Accepted;;01.06.2021;;;New
657;IgreX;Video\10;https://play.joystream.org/video/248;92;Accepted;;01.06.2021;;;New
658;IgreX;Channel\1;https://play.joystream.org/channel/92;;Accepted;;01.06.2021;;;New
659;IgreX;Video\10;https://play.joystream.org/video/240;90;Accepted;;01.06.2021;;;New
660;IgreX;Video\10;https://play.joystream.org/video/242;90;Accepted;;01.06.2021;;;New
661;IgreX;Video\10;https://play.joystream.org/video/245;90;Accepted;;01.06.2021;;;New
662;IgreX;Video\10;https://play.joystream.org/video/247;90;Accepted;;01.06.2021;;;New
663;IgreX;Video\10;https://play.joystream.org/video/249;90;Accepted;;01.06.2021;;;New
664;IgreX;Video\10;https://play.joystream.org/video/251;90;Accepted;;01.06.2021;;;New
665;IgreX;Video\10;https://play.joystream.org/video/252;90;Accepted;;01.06.2021;;;New
666;IgreX;Video\10;https://play.joystream.org/video/253;90;Accepted;;01.06.2021;;;New
667;IgreX;Video\10;https://play.joystream.org/video/254;90;Accepted;;01.06.2021;;;New
668;IgreX;Video\10;https://play.joystream.org/video/255;90;Accepted;;01.06.2021;;;New
669;Meskalin;Video\10;https://play.joystream.org/video/274;95;Accepted;;01.06.2021;;;New
670;Meskalin;Video\10;https://play.joystream.org/video/273;95;Accepted;;01.06.2021;;;New
671;Meskalin;Video\10;https://play.joystream.org/video/272;92;Accepted;;01.06.2021;;;New
672;Meskalin;Video\10;https://play.joystream.org/video/271;92;Accepted;;01.06.2021;;;New
673;Meskalin;Video\10;https://play.joystream.org/video/270;92;Accepted;;01.06.2021;;;New
674;Meskalin;Video\10;https://play.joystream.org/video/269;92;Accepted;;01.06.2021;;;New
675;Meskalin;Video\10;https://play.joystream.org/video/268;92;Accepted;;01.06.2021;;;New
676;Meskalin;Video\10;https://play.joystream.org/video/267;92;Accepted;;01.06.2021;;;New
677;Meskalin;Video\10;https://play.joystream.org/video/261;92;Accepted;;01.06.2021;;;New
678;Meskalin;Video\10;https://play.joystream.org/video/259;92;Accepted;;01.06.2021;;;New
679;Meskalin;Video\10;https://play.joystream.org/video/257;92;Accepted;;01.06.2021;;;New
670;Meskalin;Video\10;https://play.joystream.org/video/263;48;Accepted;;01.06.2021;;;New
671;Meskalin;Video\10;https://play.joystream.org/video/260;90;Accepted;;01.06.2021;;;New
672;Meskalin;Video\10;https://play.joystream.org/video/258;90;Accepted;;01.06.2021;;;New
673;leet_joy;Video\10;https://play.joystream.org/video/288;98;Accepted;;02.06.2021;;;New
674;leet_joy;Video\10;https://play.joystream.org/video/284;95;Accepted;;02.06.2021;;;New
675;leet_joy;Video\10;https://play.joystream.org/video/282;95;Accepted;;02.06.2021;;;New
676;leet_joy;Video\10;https://play.joystream.org/video/281;60;Accepted;;02.06.2021;;;New
677;leet_joy;Video\10;https://play.joystream.org/video/280;53;Accepted;;02.06.2021;;;New
678;leet_joy;Video\10;https://play.joystream.org/video/279;53;Accepted;;02.06.2021;;;New
679;leet_joy;Video\10;https://play.joystream.org/video/278;95;Accepted;;02.06.2021;;;New
680;leet_joy;Video\10;https://play.joystream.org/video/277;95;Accepted;;02.06.2021;;;New
681;leet_joy;Video\10;https://play.joystream.org/video/276;95;Accepted;;02.06.2021;;;New
682;leet_joy;Video\10;https://play.joystream.org/video/302;90;Accepted;;03.06.2021;;;New
683;leet_joy;Video\10;https://play.joystream.org/video/297;90;Accepted;;03.06.2021;;;New
684;leet_joy;Video\10;https://play.joystream.org/video/295;90;Accepted;;03.06.2021;;;New
685;leet_joy;Video\10;https://play.joystream.org/video/305;64;Accepted;;03.06.2021;;;New
686;leet_joy;Video\10;https://play.joystream.org/video/304;64;Accepted;;03.06.2021;;;New
687;leet_joy;Video\10;https://play.joystream.org/video/294;101;Accepted;;03.06.2021;;;New
688;leet_joy;Video\10;https://play.joystream.org/video/293;101;Accepted;;03.06.2021;;;New
689;leet_joy;Video\10;https://play.joystream.org/video/292;101;Accepted;;03.06.2021;;;New
690;leet_joy;Video\10;https://play.joystream.org/video/291;101;Accepted;;03.06.2021;;;New
691;leet_joy;Video\10;https://play.joystream.org/video/290;101;Accepted;;03.06.2021;;;New
692;IgreX;Video\10;https://play.joystream.org/video/289;100;Accepted;;03.06.2021;;;New
693;IgreX;Channel\1;https://play.joystream.org/channel/100;;Accepted;;03.06.2021;;;New
694;leet_joy;Video\10;https://play.joystream.org/video/307;79;Accepted;;03.06.2021;;;New
695;leet_joy;Video\11;https://play.joystream.org/video/313;104;Accepted;;04.06.2021;;;New
696;leet_joy;Video\12;https://play.joystream.org/video/312;104;Accepted;;04.06.2021;;;New
697;leet_joy;Video\13;https://play.joystream.org/video/310;104;Accepted;;04.06.2021;;;New
698;Meskalin;Video\10;https://play.joystream.org/video/329;104;Accepted;;04.06.2021;;;New
699;Meskalin;Video\10;https://play.joystream.org/video/328;104;Accepted;;04.06.2021;;;New
700;Meskalin;Video\10;https://play.joystream.org/video/327;23;Accepted;;04.06.2021;;;New
701;Meskalin;Video\10;https://play.joystream.org/video/326;23;Accepted;;04.06.2021;;;New
702;Meskalin;Video\10;https://play.joystream.org/video/325;23;Accepted;;04.06.2021;;;New
703;Meskalin;Video\10;https://play.joystream.org/video/324;23;Accepted;;04.06.2021;;;New
704;Meskalin;Video\10;https://play.joystream.org/video/323;23;Accepted;;04.06.2021;;;New
705;Meskalin;Video\10;https://play.joystream.org/video/321;67;Accepted;;04.06.2021;;;New
706;Meskalin;Video\10;https://play.joystream.org/video/320;67;Accepted;;04.06.2021;;;New
707;Meskalin;Video\10;https://play.joystream.org/video/319;67;Censored;https://testnet.joystream.org/#/forum/threads/329?page=5&replyIdx=47;04.06.2021;;;New
708;Meskalin;Video\10;https://play.joystream.org/video/318;67;Accepted;;04.06.2021;;;New
709;Meskalin;Video\10;https://play.joystream.org/video/315;67;Accepted;;04.06.2021;;;New
710;Meskalin;Video\10;https://play.joystream.org/video/330;35;Accepted;;05.06.2021;;;New
711;IgreX;Video\10;https://play.joystream.org/video/333;71;Accepted;;05.06.2021;;;New
712;IgreX;Video\10;https://play.joystream.org/video/332;71;Accepted;;05.06.2021;;;New
713;IgreX;Video\10;https://play.joystream.org/video/331;71;Accepted;;05.06.2021;;;New
714;IgreX;Video\10;https://play.joystream.org/video/343;104;Accepted;;05.06.2021;;;New
715;IgreX;Video\10;https://play.joystream.org/video/342;104;Accepted;;05.06.2021;;;New
716;IgreX;Video\10;https://play.joystream.org/video/341;104;Accepted;;05.06.2021;;;New
717;IgreX;Video\10;https://play.joystream.org/video/340;104;Accepted;;05.06.2021;;;New
718;IgreX;Video\10;https://play.joystream.org/video/336;104;Accepted;;05.06.2021;;;New
719;IgreX;Video\10;https://play.joystream.org/video/337;104;Accepted;;05.06.2021;;;New
720;IgreX;Video\10;https://play.joystream.org/video/338;104;Accepted;;05.06.2021;;;New
721;IgreX;Video\10;https://play.joystream.org/video/339;104;Accepted;;05.06.2021;;;New
722;IgreX;Video\10;https://play.joystream.org/video/314;104;Accepted;;05.06.2021;;;New
723;IgreX;Video\10;https://play.joystream.org/video/335;104;Accepted;;05.06.2021;;;New
724;leet_joy;Video\10;https://play.joystream.org/video/345;104;Accepted;;06.06.2021;;;New
725;leet_joy;Video\10;https://play.joystream.org/video/344;104;Accepted;;06.06.2021;;;New
726;leet_joy;Video\10;https://play.joystream.org/video/348;71;Accepted;;06.06.2021;;;New
727;leet_joy;Video\10;https://play.joystream.org/video/376;121;Accepted;;07.06.2021;;;New
728;leet_joy;Video\10;https://play.joystream.org/video/374;119;Accepted;;07.06.2021;;;New
729;leet_joy;Video\10;https://play.joystream.org/video/373;118;Accepted;;07.06.2021;;;New
730;leet_joy;Video\10;https://play.joystream.org/video/372;117;Accepted;;07.06.2021;;;New
731;leet_joy;Video\10;https://play.joystream.org/video/370;74;Accepted;;07.06.2021;;;New
732;leet_joy;Video\10;https://play.joystream.org/video/369;83;Accepted;;07.06.2021;;;New
733;leet_joy;Video\10;https://play.joystream.org/video/368;74;Accepted;;07.06.2021;;;New
734;leet_joy;Video\10;https://play.joystream.org/video/366;41;Accepted;;07.06.2021;;;New
735;leet_joy;Video\10;https://play.joystream.org/video/365;74;Accepted;;07.06.2021;;;New
736;leet_joy;Video\10;https://play.joystream.org/video/364;113;Accepted;;07.06.2021;;;New
737;leet_joy;Video\10;https://play.joystream.org/video/363;101;Accepted;;07.06.2021;;;New
738;leet_joy;Video\10;https://play.joystream.org/video/362;101;Accepted;;07.06.2021;;;New
739;leet_joy;Video\10;https://play.joystream.org/video/361;101;Accepted;;07.06.2021;;;New
740;leet_joy;Video\10;https://play.joystream.org/video/360;101;Accepted;;07.06.2021;;;New
741;leet_joy;Video\10;https://play.joystream.org/video/76;101;Accepted;;07.06.2021;;;New
742;IgreX;Video\10;https://play.joystream.org/video/92;67;Accepted;;07.06.2021;;;New
743;IgreX;Video\10;https://play.joystream.org/video/93;67;Accepted;;07.06.2021;;;New
744;IgreX;Video\10;https://play.joystream.org/video/81;63;Accepted;;07.06.2021;;;New
745;IgreX;Video\10;https://play.joystream.org/video/110;110;Accepted;;07.06.2021;;;New
746;IgreX;Video\10;https://play.joystream.org/video/109;110;Accepted;;07.06.2021;;;New
747;IgreX;Video\10;https://play.joystream.org/video/108;110;Accepted;;07.06.2021;;;New
748;IgreX;Video\10;https://play.joystream.org/video/87;110;Accepted;;07.06.2021;;;New
749;IgreX;Video\10;https://play.joystream.org/video/86;110;Accepted;;07.06.2021;;;New
750;IgreX;Video\10;https://play.joystream.org/video/85;110;Accepted;;07.06.2021;;;New
751;IgreX;Video\10;https://play.joystream.org/video/84;110;Accepted;;07.06.2021;;;New
752;IgreX;Video\10;https://play.joystream.org/video/82;110;Accepted;;07.06.2021;;;New
753;IgreX;Video\10;https://play.joystream.org/video/153;82;Accepted;;07.06.2021;;;New
754;IgreX;Video\10;https://play.joystream.org/video/154;82;Accepted;;07.06.2021;;;New
755;IgreX;Video\10;https://play.joystream.org/video/155;82;Accepted;;07.06.2021;;;New
756;IgreX;Video\10;https://play.joystream.org/video/156;82;Accepted;;07.06.2021;;;New
757;IgreX;Video\10;https://play.joystream.org/video/157;82;Accepted;;07.06.2021;;;New
758;IgreX;Video\10;https://play.joystream.org/video/158;82;Accepted;;07.06.2021;;;New
759;IgreX;Video\10;https://play.joystream.org/video/159;82;Accepted;;07.06.2021;;;New
760;IgreX;Video\10;https://play.joystream.org/video/160;82;Accepted;;07.06.2021;;;New
761;IgreX;Video\10;https://play.joystream.org/video/162;82;Accepted;;07.06.2021;;;New
762;IgreX;Video\10;https://play.joystream.org/video/163;82;Accepted;;07.06.2021;;;New
763;IgreX;Video\10;https://play.joystream.org/video/164;82;Accepted;;07.06.2021;;;New
764;IgreX;Video\10;https://play.joystream.org/video/165;82;Accepted;;07.06.2021;;;New
765;IgreX;Video\10;https://play.joystream.org/video/166;82;Accepted;;07.06.2021;;;New
766;IgreX;Video\10;https://play.joystream.org/video/167;82;Accepted;;07.06.2021;;;New
767;IgreX;Video\10;https://play.joystream.org/video/168;82;Accepted;;07.06.2021;;;New
768;IgreX;Video\10;https://play.joystream.org/video/169;82;Accepted;;07.06.2021;;;New
769;IgreX;Video\10;https://play.joystream.org/video/170;82;Accepted;;07.06.2021;;;New
770;IgreX;Video\10;https://play.joystream.org/video/172;82;Accepted;;07.06.2021;;;New
771;IgreX;Video\10;https://play.joystream.org/video/173;82;Accepted;;07.06.2021;;;New
772;IgreX;Video\10;https://play.joystream.org/video/174;82;Accepted;;07.06.2021;;;New
773;IgreX;Video\10;https://play.joystream.org/video/175;82;Accepted;;07.06.2021;;;New
774;IgreX;Video\10;https://play.joystream.org/video/179;82;Accepted;;07.06.2021;;;New
775;IgreX;Video\10;https://play.joystream.org/video/180;82;Accepted;;07.06.2021;;;New
776;IgreX;Video\10;https://play.joystream.org/video/181;82;Accepted;;07.06.2021;;;New
777;IgreX;Video\10;https://play.joystream.org/video/243;73;Accepted;;07.06.2021;;;New
778;IgreX;Video\10;https://play.joystream.org/video/111;73;Accepted;;07.06.2021;;;New
779;IgreX;Video\10;https://play.joystream.org/video/106;73;Accepted;;07.06.2021;;;New
780;IgreX;Video\10;https://play.joystream.org/video/356;95;Accepted;;07.06.2021;;;New
781;IgreX;Video\10;https://play.joystream.org/video/355;95;Accepted;;07.06.2021;;;New
782;IgreX;Video\10;https://play.joystream.org/video/354;95;Accepted;;07.06.2021;;;New
783;IgreX;Video\10;https://play.joystream.org/video/353;95;Accepted;;07.06.2021;;;New
784;IgreX;Video\10;https://play.joystream.org/video/308;90;Accepted;;07.06.2021;;;New
785;IgreX;Video\10;https://play.joystream.org/video/306;90;Accepted;;07.06.2021;;;New
786;IgreX;Video\10;https://play.joystream.org/video/287;98;Accepted;;07.06.2021;;;New
787;IgreX;Video\10;https://play.joystream.org/video/286;98;Accepted;;07.06.2021;;;New
788;IgreX;Video\10;https://play.joystream.org/video/357;60;Accepted;;07.06.2021;;;New
789;IgreX;Video\10;https://play.joystream.org/video/394;23;Accepted;;07.06.2021;;;New
790;IgreX;Video\10;https://play.joystream.org/video/392;23;Accepted;;07.06.2021;;;New
791;IgreX;Video\10;https://play.joystream.org/video/391;23;Accepted;;07.06.2021;;;New
792;IgreX;Video\10;https://play.joystream.org/video/390;23;Accepted;;07.06.2021;;;New
793;IgreX;Video\10;https://play.joystream.org/video/389;23;Accepted;;07.06.2021;;;New
794;IgreX;Video\10;https://play.joystream.org/video/387;23;Accepted;;07.06.2021;;;New
795;IgreX;Video\10;https://play.joystream.org/video/386;23;Accepted;;07.06.2021;;;New
796;IgreX;Video\10;https://play.joystream.org/video/385;23;Accepted;;07.06.2021;;;New
797;IgreX;Video\10;https://play.joystream.org/video/384;23;Accepted;;07.06.2021;;;New
798;IgreX;Video\10;https://play.joystream.org/video/383;23;Accepted;;07.06.2021;;;New
799;IgreX;Video\10;https://play.joystream.org/video/382;23;Accepted;;07.06.2021;;;New
800;IgreX;Video\10;https://play.joystream.org/video/381;23;Accepted;;07.06.2021;;;New
801;IgreX;Video\10;https://play.joystream.org/video/380;23;Accepted;;07.06.2021;;;New
802;IgreX;Video\10;https://play.joystream.org/video/379;23;Accepted;;07.06.2021;;;New
803;IgreX;Video\10;https://play.joystream.org/video/378;23;Accepted;;07.06.2021;;;New
804;IgreX;Video\10;https://play.joystream.org/video/377;74;Accepted;;07.06.2021;;;New
805;IgreX;Video\10;https://play.joystream.org/video/435;23;Accepted;;07.06.2021;;;New
806;IgreX;Video\10;https://play.joystream.org/video/434;23;Accepted;;07.06.2021;;;New
807;IgreX;Video\10;https://play.joystream.org/video/432;23;Accepted;;07.06.2021;;;New
808;IgreX;Video\10;https://play.joystream.org/video/431;23;Accepted;;07.06.2021;;;New
809;IgreX;Video\10;https://play.joystream.org/video/429;23;Accepted;;07.06.2021;;;New
810;IgreX;Video\10;https://play.joystream.org/video/427;23;Accepted;;07.06.2021;;;New
811;IgreX;Video\10;https://play.joystream.org/video/426;23;Accepted;;07.06.2021;;;New
812;IgreX;Video\10;https://play.joystream.org/video/420;23;Accepted;;07.06.2021;;;New
813;IgreX;Video\10;https://play.joystream.org/video/419;23;Accepted;;07.06.2021;;;New
814;IgreX;Video\10;https://play.joystream.org/video/418;23;Accepted;;07.06.2021;;;New
815;IgreX;Video\10;https://play.joystream.org/video/416;23;Accepted;;07.06.2021;;;New
816;IgreX;Video\10;https://play.joystream.org/video/414;23;Accepted;;07.06.2021;;;New
817;IgreX;Video\10;https://play.joystream.org/video/408;23;Accepted;;07.06.2021;;;New
818;IgreX;Video\10;https://play.joystream.org/video/406;23;Accepted;;07.06.2021;;;New
819;IgreX;Video\10;https://play.joystream.org/video/405;23;Accepted;;07.06.2021;;;New
820;IgreX;Video\10;https://play.joystream.org/video/403;23;Accepted;;07.06.2021;;;New
821;IgreX;Video\10;https://play.joystream.org/video/402;23;Accepted;;07.06.2021;;;New
822;IgreX;Video\10;https://play.joystream.org/video/401;23;Accepted;;07.06.2021;;;New
823;IgreX;Video\10;https://play.joystream.org/video/400;23;Accepted;;07.06.2021;;;New
824;IgreX;Video\10;https://play.joystream.org/video/398;23;Accepted;;07.06.2021;;;New
825;IgreX;Video\10;https://play.joystream.org/video/397;23;Accepted;;07.06.2021;;;New
826;IgreX;Video\10;https://play.joystream.org/video/396;23;Accepted;;07.06.2021;;;New
827;leet_joy;Video\10;https://play.joystream.org/video/446;128;Accepted;;08.06.2021;;;New
828;leet_joy;Video\10;https://play.joystream.org/video/444;80;Accepted;;08.06.2021;;;New
829;leet_joy;Video\10;https://play.joystream.org/video/443;80;Accepted;;08.06.2021;;;New
830;leet_joy;Video\10;https://play.joystream.org/video/442;126;Accepted;;08.06.2021;;;New
831;leet_joy;Video\10;https://play.joystream.org/video/436;125;Accepted;;08.06.2021;;;New
832;lyazufey1812;Video\10;https://play.joystream.org/video/455;80;Accepted;;08.06.2021;;;New
833;leet_joy;Video\10;https://play.joystream.org/video/479;73;Accepted;;09.06.2021;;;New
834;leet_joy;Video\10;https://play.joystream.org/video/478;73;Accepted;;09.06.2021;;;New
835;leet_joy;Video\10;https://play.joystream.org/video/477;73;Accepted;;09.06.2021;;;New
836;leet_joy;Video\10;https://play.joystream.org/video/476;73;Accepted;;09.06.2021;;;New
837;leet_joy;Video\10;https://play.joystream.org/video/475;73;Accepted;;09.06.2021;;;New
838;leet_joy;Video\10;https://play.joystream.org/video/474;73;Accepted;;09.06.2021;;;New
839;leet_joy;Video\10;https://play.joystream.org/video/473;73;Accepted;;09.06.2021;;;New
840;leet_joy;Video\10;https://play.joystream.org/video/472;73;Accepted;;09.06.2021;;;New
841;leet_joy;Video\10;https://play.joystream.org/video/464;73;Accepted;;09.06.2021;;;New
842;leet_joy;Video\10;https://play.joystream.org/video/463;73;Accepted;;09.06.2021;;;New
843;leet_joy;Video\10;https://play.joystream.org/video/460;73;Accepted;;09.06.2021;;;New
844;leet_joy;Video\10;https://play.joystream.org/video/459;73;Accepted;;09.06.2021;;;New
845;leet_joy;Video\10;https://play.joystream.org/video/458;73;Accepted;;09.06.2021;;;New
846;leet_joy;Video\10;https://play.joystream.org/video/457;73;Accepted;;09.06.2021;;;New
847;leet_joy;Video\10;https://play.joystream.org/video/483;87;Accepted;;09.06.2021;;;New
848;lyazufey1812;Video\10;https://play.joystream.org/video/423;122;Accepted;;09.06.2021;;;New
849;lyazufey1812;Video\10;https://play.joystream.org/video/424;122;Accepted;;09.06.2021;;;New
850;lyazufey1812;Video\10;https://play.joystream.org/video/425;122;Accepted;;09.06.2021;;;New
851;lyazufey1812;Video\10;https://play.joystream.org/video/421;122;Accepted;;09.06.2021;;;New
852;lyazufey1812;Video\10;https://play.joystream.org/video/417;122;Accepted;;09.06.2021;;;New
853;lyazufey1812;Video\10;https://play.joystream.org/video/404;122;Accepted;;09.06.2021;;;New
854;leet_joy;Video\10;https://play.joystream.org/video/508;80;Accepted;;10.06.2021;;;New
855;leet_joy;Video\10;https://play.joystream.org/video/506;80;Accepted;;10.06.2021;;;New
856;leet_joy;Video\10;https://play.joystream.org/video/505;80;Accepted;;10.06.2021;;;New
857;leet_joy;Video\10;https://play.joystream.org/video/503;80;Accepted;;10.06.2021;;;New
858;leet_joy;Video\10;https://play.joystream.org/video/499;80;Accepted;;10.06.2021;;;New
859;leet_joy;Video\10;https://play.joystream.org/video/498;80;Accepted;;10.06.2021;;;New
860;leet_joy;Video\10;https://play.joystream.org/video/497;80;Accepted;;10.06.2021;;;New
861;leet_joy;Video\10;https://play.joystream.org/video/496;80;Accepted;;10.06.2021;;;New
862;leet_joy;Video\10;https://play.joystream.org/video/490;80;Accepted;;10.06.2021;;;New
863;lyazufey1812;Video\10;https://play.joystream.org/video/512;73;Accepted;;10.06.2021;;;New
864;lyazufey1812;Video\10;https://play.joystream.org/video/489;76;Accepted;;10.06.2021;;;New
865;lyazufey1812;Video\10;https://play.joystream.org/video/488;76;Accepted;;10.06.2021;;;New
866;lyazufey1812;Video\10;https://play.joystream.org/video/452;80;Accepted;;10.06.2021;;;New
867;lyazufey1812;Video\10;https://play.joystream.org/video/451;80;Accepted;;10.06.2021;;;New
868;lyazufey1812;Video\10;https://play.joystream.org/video/449;80;Accepted;;10.06.2021;;;New
869;lyazufey1812;Video\10;https://play.joystream.org/video/454;80;Accepted;;10.06.2021;;;New
870;lyazufey1812;Video\10;https://play.joystream.org/video/516;80;Accepted;;10.06.2021;;;New
871;lyazufey1812;Video\10;https://play.joystream.org/video/518;80;Accepted;;10.06.2021;;;New
872;lyazufey1812;Video\10;https://play.joystream.org/video/519;80;Accepted;;10.06.2021;;;New
873;prontera#3425;Video\10;https://play.joystream.org/video/520;24;Accepted;;10.06.2021;;;New
874;lyazufey1812;Video\10;https://play.joystream.org/video/523;80;Accepted;;10.06.2021;;;New
875;lyazufey1812;Video\10;https://play.joystream.org/video/522;48;Accepted;;10.06.2021;;;New
876;lyazufey1812;Video\10;https://play.joystream.org/video/551;76;Accepted;;11.06.2021;;;New
877;lyazufey1812;Video\10;https://play.joystream.org/video/553;76;Accepted;;11.06.2021;;;New
878;lyazufey1812;Video\10;https://play.joystream.org/video/550;80;Accepted;;11.06.2021;;;New
879;lyazufey1812;Video\10;https://play.joystream.org/video/549;80;Accepted;;11.06.2021;;;New
880;lyazufey1812;Video\10;https://play.joystream.org/video/548;76;Accepted;;11.06.2021;;;New
881;Meskalin;Video\10;https://play.joystream.org/video/585;74;Accepted;;11.06.2021;;;New
882;Meskalin;Video\10;https://play.joystream.org/video/584;74;Accepted;;11.06.2021;;;New
883;Meskalin;Video\10;https://play.joystream.org/video/575;74;Accepted;;11.06.2021;;;New
884;Meskalin;Video\10;https://play.joystream.org/video/586;80;Accepted;;11.06.2021;;;New
885;Meskalin;Video\10;https://play.joystream.org/video/577;144;Accepted;;11.06.2021;;;New
886;Meskalin;Video\10;https://play.joystream.org/video/576;144;Accepted;;11.06.2021;;;New
887;Meskalin;Video\10;https://play.joystream.org/video/570;60;Accepted;;11.06.2021;;;New
888;leet_joy;Video\10;https://play.joystream.org/video/629;74;Accepted;;13.06.2021;;;New
889;leet_joy;Video\10;https://play.joystream.org/video/628;74;Accepted;;13.06.2021;;;New
890;leet_joy;Video\10;https://play.joystream.org/video/626;74;Accepted;;13.06.2021;;;New
891;leet_joy;Video\10;https://play.joystream.org/video/625;74;Accepted;;13.06.2021;;;New
892;leet_joy;Video\10;https://play.joystream.org/video/624;74;Accepted;;13.06.2021;;;New
893;leet_joy;Video\10;https://play.joystream.org/video/622;74;Accepted;;13.06.2021;;;New
894;leet_joy;Video\10;https://play.joystream.org/video/617;150;Accepted;;13.06.2021;;;New
895;leet_joy;Video\10;https://play.joystream.org/video/614;148;Accepted;;13.06.2021;;;New
896;leet_joy;Video\10;https://play.joystream.org/video/616;148;Accepted;;13.06.2021;;;New
897;leet_joy;Video\10;https://play.joystream.org/video/613;148;Accepted;;13.06.2021;;;New
898;leet_joy;Video\10;https://play.joystream.org/video/612;148;Accepted;;13.06.2021;;;New
899;leet_joy;Video\10;https://play.joystream.org/video/611;74;Accepted;;13.06.2021;;;New
900;leet_joy;Video\10;https://play.joystream.org/video/610;74;Accepted;;13.06.2021;;;New
901;leet_joy;Video\10;https://play.joystream.org/video/609;74;Accepted;;13.06.2021;;;New
902;leet_joy;Video\10;https://play.joystream.org/video/608;74;Accepted;;13.06.2021;;;New
903;IgreX;Video\10;https://play.joystream.org/video/615;149;Accepted;;14.06.2021;;;New
904;prontera#3425;Video\10;https://play.joystream.org/video/665;74;Accepted;;14.06.2021;;;New
905;prontera#3425;Video\10;https://play.joystream.org/video/664;74;Accepted;;14.06.2021;;;New
906;prontera#3425;Video\10;https://play.joystream.org/video/663;74;Accepted;;14.06.2021;;;New
907;prontera#3425;Video\10;https://play.joystream.org/video/662;74;Accepted;;14.06.2021;;;New
908;prontera#3425;Video\10;https://play.joystream.org/video/661;74;Accepted;;14.06.2021;;;New
909;prontera#3425;Video\10;https://play.joystream.org/video/660;74;Accepted;;14.06.2021;;;New
910;prontera#3425;Video\10;https://play.joystream.org/video/659;74;Accepted;;14.06.2021;;;New
911;prontera#3425;Video\10;https://play.joystream.org/video/658;74;Accepted;;14.06.2021;;;New
912;prontera#3425;Video\10;https://play.joystream.org/video/657;74;Accepted;;14.06.2021;;;New
913;prontera#3425;Video\10;https://play.joystream.org/video/656;74;Accepted;;14.06.2021;;;New
914;prontera#3425;Video\10;https://play.joystream.org/video/655;74;Accepted;;14.06.2021;;;New
915;prontera#3425;Video\10;https://play.joystream.org/video/654;74;Accepted;;14.06.2021;;;New
916;prontera#3425;Video\10;https://play.joystream.org/video/653;74;Accepted;;14.06.2021;;;New
917;prontera#3425;Video\10;https://play.joystream.org/video/652;74;Accepted;;14.06.2021;;;New
918;prontera#3425;Video\10;https://play.joystream.org/video/651;74;Accepted;;14.06.2021;;;New
919;prontera#3425;Video\10;https://play.joystream.org/video/634;74;Accepted;;14.06.2021;;;New
920;prontera#3425;Video\10;https://play.joystream.org/video/633;74;Accepted;;14.06.2021;;;New
921;prontera#3425;Video\10;https://play.joystream.org/video/632;74;Accepted;;14.06.2021;;;New
922;prontera#3425;Video\10;https://play.joystream.org/video/649;150;Accepted;;14.06.2021;;;New
923;prontera#3425;Video\10;https://play.joystream.org/video/648;150;Accepted;;14.06.2021;;;New
924;prontera#3425;Video\10;https://play.joystream.org/video/647;150;Accepted;;14.06.2021;;;New
925;prontera#3425;Video\10;https://play.joystream.org/video/646;150;Accepted;;14.06.2021;;;New
926;prontera#3425;Video\10;https://play.joystream.org/video/645;150;Accepted;;14.06.2021;;;New
927;prontera#3425;Video\10;https://play.joystream.org/video/644;150;Accepted;;14.06.2021;;;New
928;prontera#3425;Video\10;https://play.joystream.org/video/643;150;Accepted;;14.06.2021;;;New
929;prontera#3425;Video\10;https://play.joystream.org/video/642;150;Accepted;;14.06.2021;;;New
930;prontera#3425;Video\10;https://play.joystream.org/video/641;150;Accepted;;14.06.2021;;;New
931;prontera#3425;Video\10;https://play.joystream.org/video/639;67;Accepted;;14.06.2021;;;New
932;prontera#3425;Video\10;https://play.joystream.org/video/638;67;Accepted;;14.06.2021;;;New
933;prontera#3425;Video\10;https://play.joystream.org/video/637;67;Accepted;;14.06.2021;;;New
934;prontera#3425;Video\10;https://play.joystream.org/video/636;67;Accepted;;14.06.2021;;;New
935;prontera#3425;Video\10;https://play.joystream.org/video/630;71;Accepted;;14.06.2021;;;New
936;prontera#3425;Video\10;https://play.joystream.org/video/631;71;Accepted;;14.06.2021;;;New
937;MishaSER#1639;Video\10;https://play.joystream.org/video/456;74;Accepted;;15.06.2021;;;New
938;MishaSER#1639;Video\10;https://play.joystream.org/video/618;74;Accepted;;15.06.2021;;;New
939;MishaSER#1639;Video\10;https://play.joystream.org/video/619;74;Accepted;;15.06.2021;;;New
940;MishaSER#1639;Video\10;https://play.joystream.org/video/620;74;Accepted;;15.06.2021;;;New
941;MishaSER#1639;Video\10;https://play.joystream.org/video/621;74;Accepted;;15.06.2021;;;New
942;MishaSER#1639;Video\10;https://play.joystream.org/video/667;74;Accepted;;15.06.2021;;;New
943;MishaSER#1639;Video\10;https://play.joystream.org/video/668;74;Accepted;;15.06.2021;;;New
944;MishaSER#1639;Video\10;https://play.joystream.org/video/669;74;Accepted;;15.06.2021;;;New
945;MishaSER#1639;Video\10;https://play.joystream.org/video/670;74;Accepted;;15.06.2021;;;New
946;MishaSER#1639;Video\10;https://play.joystream.org/video/671;74;Accepted;;15.06.2021;;;New
947;MishaSER#1639;Video\10;https://play.joystream.org/video/672;74;Accepted;;15.06.2021;;;New
948;MishaSER#1639;Video\10;https://play.joystream.org/video/673;74;Accepted;;15.06.2021;;;New
949;MishaSER#1639;Video\10;https://play.joystream.org/video/675;74;Accepted;;15.06.2021;;;New
950;MishaSER#1639;Video\10;https://play.joystream.org/video/757;150;Accepted;;15.06.2021;;;New
951;MishaSER#1639;Video\10;https://play.joystream.org/video/758;150;Accepted;;15.06.2021;;;New
949;MishaSER#1639;Video\10;https://play.joystream.org/video/759;150;Accepted;;15.06.2021;;;New
950;MishaSER#1639;Video\10;https://play.joystream.org/video/760;150;Accepted;;15.06.2021;;;New
951;MishaSER#1639;Video\10;https://play.joystream.org/video/762;150;Accepted;;15.06.2021;;;New
949;MishaSER#1639;Video\10;https://play.joystream.org/video/763;150;Accepted;;15.06.2021;;;New
950;MishaSER#1639;Video\10;https://play.joystream.org/video/764;150;Accepted;;15.06.2021;;;New
951;MishaSER#1639;Video\10;https://play.joystream.org/video/765;150;Accepted;;15.06.2021;;;New
949;MishaSER#1639;Video\10;https://play.joystream.org/video/766;150;Accepted;;15.06.2021;;;New
950;MishaSER#1639;Video\10;https://play.joystream.org/video/767;150;Accepted;;15.06.2021;;;New
951;MishaSER#1639;Video\10;https://play.joystream.org/video/768;150;Accepted;;15.06.2021;;;New
952;MishaSER#1639;Video\10;https://play.joystream.org/video/769;150;Accepted;;15.06.2021;;;New
953;MishaSER#1639;Video\10;https://play.joystream.org/video/770;150;Accepted;;15.06.2021;;;New
954;IgreX;Video\10;https://play.joystream.org/video/465;73;Accepted;;15.06.2021;;;New
955;IgreX;Video\10;https://play.joystream.org/video/466;73;Accepted;;15.06.2021;;;New
956;IgreX;Video\10;https://play.joystream.org/video/469;73;Accepted;;15.06.2021;;;New
957;IgreX;Video\10;https://play.joystream.org/video/471;73;Accepted;;15.06.2021;;;New
958;IgreX;Video\10;https://play.joystream.org/video/525;73;Accepted;;15.06.2021;;;New
959;IgreX;Video\10;https://play.joystream.org/video/640;150;Accepted;;15.06.2021;;;New
960;IgreX;Video\10;https://play.joystream.org/video/694;139;Accepted;;15.06.2021;;;New
961;IgreX;Video\10;https://play.joystream.org/video/692;139;Accepted;;15.06.2021;;;New
962;IgreX;Video\10;https://play.joystream.org/video/691;139;Accepted;;15.06.2021;;;New
963;IgreX;Video\10;https://play.joystream.org/video/690;139;Accepted;;15.06.2021;;;New
964;IgreX;Video\10;https://play.joystream.org/video/689;139;Accepted;;15.06.2021;;;New
965;IgreX;Video\10;https://play.joystream.org/video/688;139;Accepted;;15.06.2021;;;New
966;IgreX;Video\10;https://play.joystream.org/video/687;139;Accepted;;15.06.2021;;;New
967;IgreX;Video\10;https://play.joystream.org/video/686;139;Accepted;;15.06.2021;;;New
968;IgreX;Video\10;https://play.joystream.org/video/685;139;Accepted;;15.06.2021;;;New
969;IgreX;Video\10;https://play.joystream.org/video/684;139;Accepted;;15.06.2021;;;New
970;IgreX;Video\10;https://play.joystream.org/video/683;139;Accepted;;15.06.2021;;;New
971;IgreX;Video\10;https://play.joystream.org/video/682;139;Accepted;;15.06.2021;;;New
972;IgreX;Video\10;https://play.joystream.org/video/681;139;Accepted;;15.06.2021;;;New
973;IgreX;Video\10;https://play.joystream.org/video/680;139;Accepted;;15.06.2021;;;New
974;IgreX;Video\10;https://play.joystream.org/video/679;139;Accepted;;15.06.2021;;;New
975;IgreX;Video\10;https://play.joystream.org/video/678;139;Accepted;;15.06.2021;;;New
976;IgreX;Video\10;https://play.joystream.org/video/677;139;Accepted;;15.06.2021;;;New
977;IgreX;Video\10;https://play.joystream.org/video/536;139;Accepted;;15.06.2021;;;New
978;IgreX;Video\10;https://play.joystream.org/video/535;139;Accepted;;15.06.2021;;;New
979;IgreX;Video\10;https://play.joystream.org/video/534;139;Accepted;;15.06.2021;;;New
980;IgreX;Video\10;https://play.joystream.org/video/533;139;Accepted;;15.06.2021;;;New
981;IgreX;Video\10;https://play.joystream.org/video/532;139;Accepted;;15.06.2021;;;New
982;IgreX;Video\10;https://play.joystream.org/video/531;139;Accepted;;15.06.2021;;;New
983;IgreX;Video\10;https://play.joystream.org/video/530;139;Accepted;;15.06.2021;;;New
984;IgreX;Video\10;https://play.joystream.org/video/529;139;Accepted;;15.06.2021;;;New
985;IgreX;Video\10;https://play.joystream.org/video/528;139;Accepted;;15.06.2021;;;New
986;IgreX;Video\10;https://play.joystream.org/video/527;139;Accepted;;15.06.2021;;;New
987;IgreX;Video\10;https://play.joystream.org/video/695;139;Accepted;;15.06.2021;;;New
988;IgreX;Video\10;https://play.joystream.org/video/696;139;Accepted;;15.06.2021;;;New
989;IgreX;Video\10;https://play.joystream.org/video/697;139;Accepted;;15.06.2021;;;New
990;IgreX;Video\10;https://play.joystream.org/video/698;139;Accepted;;15.06.2021;;;New
991;IgreX;Video\10;https://play.joystream.org/video/699;139;Accepted;;15.06.2021;;;New
992;IgreX;Video\10;https://play.joystream.org/video/700;139;Accepted;;15.06.2021;;;New
993;IgreX;Video\10;https://play.joystream.org/video/701;139;Accepted;;15.06.2021;;;New
994;IgreX;Video\10;https://play.joystream.org/video/702;139;Accepted;;15.06.2021;;;New
995;IgreX;Video\10;https://play.joystream.org/video/703;139;Accepted;;15.06.2021;;;New
996;IgreX;Video\10;https://play.joystream.org/video/704;139;Accepted;;15.06.2021;;;New
997;IgreX;Video\10;https://play.joystream.org/video/705;139;Accepted;;15.06.2021;;;New
998;IgreX;Video\10;https://play.joystream.org/video/706;139;Accepted;;15.06.2021;;;New
999;leet_joy;Video\10;https://play.joystream.org/video/814;139;Accepted;;15.06.2021;;;New
1000;leet_joy;Video\10;https://play.joystream.org/video/813;139;Accepted;;15.06.2021;;;New
1001;leet_joy;Video\10;https://play.joystream.org/video/812;139;Accepted;;15.06.2021;;;New
1002;leet_joy;Video\10;https://play.joystream.org/video/811;139;Accepted;;15.06.2021;;;New
1003;leet_joy;Video\10;https://play.joystream.org/video/810;139;Accepted;;15.06.2021;;;New
1004;leet_joy;Video\10;https://play.joystream.org/video/804;139;Accepted;;15.06.2021;;;New
1005;leet_joy;Video\10;https://play.joystream.org/video/803;139;Accepted;;15.06.2021;;;New
1006;leet_joy;Video\10;https://play.joystream.org/video/802;139;Accepted;;15.06.2021;;;New
1007;leet_joy;Video\10;https://play.joystream.org/video/801;139;Accepted;;15.06.2021;;;New
1008;leet_joy;Video\10;https://play.joystream.org/video/800;139;Accepted;;15.06.2021;;;New
1009;leet_joy;Video\10;https://play.joystream.org/video/799;139;Accepted;;15.06.2021;;;New
1010;leet_joy;Video\10;https://play.joystream.org/video/754;139;Accepted;;15.06.2021;;;New
1011;leet_joy;Video\10;https://play.joystream.org/video/753;139;Accepted;;15.06.2021;;;New
1012;leet_joy;Video\10;https://play.joystream.org/video/752;139;Accepted;;15.06.2021;;;New
1013;leet_joy;Video\10;https://play.joystream.org/video/751;139;Accepted;;15.06.2021;;;New
1014;leet_joy;Video\10;https://play.joystream.org/video/750;139;Accepted;;15.06.2021;;;New
1015;leet_joy;Video\10;https://play.joystream.org/video/749;139;Accepted;;15.06.2021;;;New
1016;leet_joy;Video\10;https://play.joystream.org/video/748;139;Accepted;;15.06.2021;;;New
1017;leet_joy;Video\10;https://play.joystream.org/video/746;139;Accepted;;15.06.2021;;;New
1018;leet_joy;Video\10;https://play.joystream.org/video/745;139;Accepted;;15.06.2021;;;New
1019;leet_joy;Video\10;https://play.joystream.org/video/744;139;Accepted;;15.06.2021;;;New
1020;leet_joy;Video\10;https://play.joystream.org/video/743;139;Accepted;;15.06.2021;;;New
1021;leet_joy;Video\10;https://play.joystream.org/video/742;139;Accepted;;15.06.2021;;;New
1022;leet_joy;Video\10;https://play.joystream.org/video/741;139;Accepted;;15.06.2021;;;New
1023;leet_joy;Video\10;https://play.joystream.org/video/740;139;Accepted;;15.06.2021;;;New
1024;leet_joy;Video\10;https://play.joystream.org/video/739;139;Accepted;;15.06.2021;;;New
1025;leet_joy;Video\10;https://play.joystream.org/video/736;139;Accepted;;15.06.2021;;;New
1026;leet_joy;Video\10;https://play.joystream.org/video/735;139;Accepted;;15.06.2021;;;New
1027;leet_joy;Video\10;https://play.joystream.org/video/734;139;Accepted;;15.06.2021;;;New
1028;leet_joy;Video\10;https://play.joystream.org/video/733;139;Accepted;;15.06.2021;;;New
1029;leet_joy;Video\10;https://play.joystream.org/video/732;139;Accepted;;15.06.2021;;;New
1030;leet_joy;Video\10;https://play.joystream.org/video/731;139;Accepted;;15.06.2021;;;New
1031;leet_joy;Video\10;https://play.joystream.org/video/730;139;Accepted;;15.06.2021;;;New
1032;leet_joy;Video\10;https://play.joystream.org/video/729;139;Accepted;;15.06.2021;;;New
1033;leet_joy;Video\10;https://play.joystream.org/video/728;139;Accepted;;15.06.2021;;;New
1034;leet_joy;Video\10;https://play.joystream.org/video/727;139;Accepted;;15.06.2021;;;New
1035;leet_joy;Video\10;https://play.joystream.org/video/726;139;Accepted;;15.06.2021;;;New
1036;leet_joy;Video\10;https://play.joystream.org/video/725;139;Accepted;;15.06.2021;;;New
1037;leet_joy;Video\10;https://play.joystream.org/video/724;139;Accepted;;15.06.2021;;;New
1038;leet_joy;Video\10;https://play.joystream.org/video/723;139;Accepted;;15.06.2021;;;New
1039;leet_joy;Video\10;https://play.joystream.org/video/722;139;Accepted;;15.06.2021;;;New
1040;leet_joy;Video\10;https://play.joystream.org/video/721;139;Accepted;;15.06.2021;;;New
1041;leet_joy;Video\10;https://play.joystream.org/video/720;139;Accepted;;15.06.2021;;;New
1042;leet_joy;Video\10;https://play.joystream.org/video/719;139;Accepted;;15.06.2021;;;New
1043;IgreX;Channel\1;https://play.joystream.org/channel/152;;Accepted;https://testnet.joystream.org/#/forum/threads/329?page=5&replyIdx=50;15.06.2021;;;New
1044;leet_joy;Video\10;https://play.joystream.org/video/693;139;Accepted;;15.06.2021;;;New
1045;leet_joy;Video\10;https://play.joystream.org/video/707;139;Accepted;;15.06.2021;;;New
1046;leet_joy;Video\10;https://play.joystream.org/video/708;139;Accepted;;15.06.2021;;;New
1047;leet_joy;Video\10;https://play.joystream.org/video/709;139;Accepted;;15.06.2021;;;New
1048;leet_joy;Video\10;https://play.joystream.org/video/710;139;Accepted;;15.06.2021;;;New
1049;leet_joy;Video\10;https://play.joystream.org/video/711;139;Accepted;;15.06.2021;;;New
1050;leet_joy;Video\10;https://play.joystream.org/video/712;139;Accepted;;15.06.2021;;;New
1051;leet_joy;Video\10;https://play.joystream.org/video/713;139;Accepted;;15.06.2021;;;New
1052;leet_joy;Video\10;https://play.joystream.org/video/714;139;Accepted;;15.06.2021;;;New
1053;leet_joy;Video\10;https://play.joystream.org/video/715;139;Accepted;;15.06.2021;;;New
1054;leet_joy;Video\10;https://play.joystream.org/video/716;139;Accepted;;15.06.2021;;;New
1055;leet_joy;Video\10;https://play.joystream.org/video/717;139;Accepted;;15.06.2021;;;New
1056;leet_joy;Video\10;https://play.joystream.org/video/718;139;Accepted;;15.06.2021;;;New
1057;leet_joy;Video\10;https://play.joystream.org/video/805;139;Accepted;;15.06.2021;;;New
1058;leet_joy;Video\10;https://play.joystream.org/video/806;139;Accepted;;15.06.2021;;;New
1059;leet_joy;Video\10;https://play.joystream.org/video/807;139;Accepted;;15.06.2021;;;New
1060;leet_joy;Video\10;https://play.joystream.org/video/808;139;Accepted;;15.06.2021;;;New
1061;leet_joy;Video\10;https://play.joystream.org/video/815;139;Accepted;;15.06.2021;;;New
1062;leet_joy;Video\10;https://play.joystream.org/video/816;139;Accepted;;15.06.2021;;;New
1063;leet_joy;Video\10;https://play.joystream.org/video/817;139;Accepted;;15.06.2021;;;New
1064;leet_joy;Video\10;https://play.joystream.org/video/818;139;Accepted;;15.06.2021;;;New
1065;leet_joy;Video\10;https://play.joystream.org/video/819;139;Accepted;;15.06.2021;;;New
1066;leet_joy;Video\10;https://play.joystream.org/video/820;139;Accepted;;15.06.2021;;;New
1067;leet_joy;Video\10;https://play.joystream.org/video/821;139;Accepted;;15.06.2021;;;New
1068;leet_joy;Video\10;https://play.joystream.org/video/822;139;Accepted;;15.06.2021;;;New
1069;leet_joy;Video\10;https://play.joystream.org/video/823;139;Accepted;;15.06.2021;;;New
1070;leet_joy;Video\10;https://play.joystream.org/video/824;139;Accepted;;15.06.2021;;;New
1071;leet_joy;Video\10;https://play.joystream.org/video/825;139;Accepted;;15.06.2021;;;New
1072;IgreX;Video\10;https://play.joystream.org/video/798;153;Accepted;;15.06.2021;;;New
1073;IgreX;Video\10;https://play.joystream.org/video/796;153;Accepted;;15.06.2021;;;New
1074;IgreX;Video\10;https://play.joystream.org/video/788;153;Accepted;;15.06.2021;;;New
1075;IgreX;Video\10;https://play.joystream.org/video/790;153;Accepted;;15.06.2021;;;New
1076;IgreX;Video\10;https://play.joystream.org/video/792;153;Accepted;;15.06.2021;;;New
1077;lyazufey1812;Video\10;https://play.joystream.org/video/832;41;Accepted;;16.06.2021;;;New
1078;lyazufey1812;Video\10;https://play.joystream.org/video/831;88;Accepted;;16.06.2021;;;New
1079;lyazufey1812;Video\10;https://play.joystream.org/video/830;118;Accepted;;16.06.2021;;;New
1080;lyazufey1812;Video\10;https://play.joystream.org/video/827;117;Warn;https://testnet.joystream.org/#/forum/threads/329?page=6;16.06.2021;;;New
1081;lyazufey1812;Video\10;https://play.joystream.org/video/828;117;Accepted;;16.06.2021;;;New
1082;lyazufey1812;Video\10;https://play.joystream.org/video/826;113;Accepted;;16.06.2021;;;New
1083;lyazufey1812;Video\10;https://play.joystream.org/video/833;154;Accepted;;16.06.2021;;;New
1084;lyazufey1812;Video\10;https://play.joystream.org/video/834;154;Accepted;;16.06.2021;;;New
1085;lyazufey1812;Video\10;https://play.joystream.org/video/835;154;Accepted;;16.06.2021;;;New
1086;lyazufey1812;Video\10;https://play.joystream.org/video/836;155;Accepted;;16.06.2021;;;New
1087;lyazufey1812;Video\10;https://play.joystream.org/video/837;60;Accepted;;16.06.2021;;;New
1088;lyazufey1812;Video\10;https://play.joystream.org/video/838;74;Accepted;;16.06.2021;;;New
1089;lyazufey1812;Video\10;https://play.joystream.org/video/839;74;Accepted;;16.06.2021;;;New
1090;lyazufey1812;Video\10;https://play.joystream.org/video/840;156;Accepted;;16.06.2021;;;New
1091;lyazufey1812;Video\10;https://play.joystream.org/video/841;74;Accepted;;16.06.2021;;;New
1092;lyazufey1812;Video\10;https://play.joystream.org/video/842;156;Accepted;;16.06.2021;;;New
1093;lyazufey1812;Video\10;https://play.joystream.org/video/843;156;Accepted;;16.06.2021;;;New
1094;lyazufey1812;Video\10;https://play.joystream.org/video/844;156;Accepted;;16.06.2021;;;New
1095;lyazufey1812;Video\10;https://play.joystream.org/video/845;156;Accepted;;16.06.2021;;;New
1096;lyazufey1812;Video\10;https://play.joystream.org/video/846;156;Accepted;;16.06.2021;;;New
1097;lyazufey1812;Video\10;https://play.joystream.org/video/847;156;Accepted;;16.06.2021;;;New
1098;lyazufey1812;Video\10;https://play.joystream.org/video/848;74;Accepted;;16.06.2021;;;New
1099;IgreX;Video\10;https://play.joystream.org/video/371;116;Censored;https://testnet.joystream.org/#/forum/threads/329?page=6&replyIdx=52;16.06.2021;;Wrong name, license, poor content;New
1100;IgreX;Channel\1;https://play.joystream.org/channel/135;joystream;Accepted;https://testnet.joystream.org/#/forum/threads/329?page=6&replyIdx=53;16.06.2021;;test channel;New
1101;IgreX;Channel\1;https://play.joystream.org/channel/124;joystream;Accepted;https://testnet.joystream.org/#/forum/threads/329?page=6&replyIdx=53;16.06.2021;;test channel;New
1102;IgreX;Channel\1;https://play.joystream.org/channel/125;joystream;Accepted;https://testnet.joystream.org/#/forum/threads/329?page=6&replyIdx=53;16.06.2021;;test channel;New
1103;IgreX;Channel\1;https://play.joystream.org/channel/131;joystream;Accepted;https://testnet.joystream.org/#/forum/threads/329?page=6&replyIdx=53;16.06.2021;;test channel;New
1104;IgreX;Channel\1;https://play.joystream.org/channel/134;joystream;Accepted;https://testnet.joystream.org/#/forum/threads/329?page=6&replyIdx=53;16.06.2021;;test channel;New
1105;IgreX;Channel\1;https://play.joystream.org/channel/132;joystream;Accepted;https://testnet.joystream.org/#/forum/threads/329?page=6&replyIdx=53;16.06.2021;;test channel;New
1106;IgreX;Channel\1;https://play.joystream.org/channel/133;joystream;Censored;https://testnet.joystream.org/#/forum/threads/329?page=6&replyIdx=53;16.06.2021;;test channel. Empty channel without icon;New
1107;IgreX;Channel\1;https://play.joystream.org/channel/138;junedeveloper;Censored;https://testnet.joystream.org/#/forum/threads/329?page=6&replyIdx=54;16.06.2021;;Empty channel without icon;New
1108;IgreX;Channel\1;https://play.joystream.org/channel/136;joystream;Accepted;https://testnet.joystream.org/#/forum/threads/329?page=6&replyIdx=53;16.06.2021;;test channel;New
1109;IgreX;Channel\1;https://play.joystream.org/channel/142;joystream;Accepted;https://testnet.joystream.org/#/forum/threads/329?page=6&replyIdx=53;16.06.2021;;test channel;New
1110;lyazufey1812;Video\10;https://play.joystream.org/video/849;156;Accepted;;16.06.2021;;;New
1111;lyazufey1812;Video\10;https://play.joystream.org/video/850;156;Accepted;;16.06.2021;;;New
1112;lyazufey1812;Video\10;https://play.joystream.org/video/851;156;Accepted;;16.06.2021;;;New
1113;lyazufey1812;Video\10;https://play.joystream.org/video/852;156;Accepted;;16.06.2021;;;New
1114;lyazufey1812;Video\10;https://play.joystream.org/video/853;74;Accepted;;16.06.2021;;;New
1115;lyazufey1812;Video\10;https://play.joystream.org/video/854;156;Accepted;;16.06.2021;;;New
1116;lyazufey1812;Video\10;https://play.joystream.org/video/855;156;Accepted;;16.06.2021;;;New
1117;lyazufey1812;Video\10;https://play.joystream.org/video/856;156;Accepted;;16.06.2021;;;New
1118;lyazufey1812;Video\10;https://play.joystream.org/video/857;156;Accepted;;16.06.2021;;;New
1119;lyazufey1812;Video\10;https://play.joystream.org/video/858;156;Accepted;;16.06.2021;;;New
1120;lyazufey1812;Video\10;https://play.joystream.org/video/859;156;Accepted;;16.06.2021;;;New
1121;lyazufey1812;Video\10;https://play.joystream.org/video/860;156;Accepted;;16.06.2021;;;New
1122;lyazufey1812;Video\10;https://play.joystream.org/video/861;156;Accepted;;16.06.2021;;;New
1123;lyazufey1812;Video\10;https://play.joystream.org/video/862;156;Accepted;;16.06.2021;;;New
1124;lyazufey1812;Video\10;https://play.joystream.org/video/863;74;Accepted;;16.06.2021;;;New
1125;lyazufey1812;Video\10;https://play.joystream.org/video/864;74;Accepted;;16.06.2021;;;New
1126;lyazufey1812;Video\10;https://play.joystream.org/video/865;156;Accepted;;16.06.2021;;;New
1127;lyazufey1812;Video\10;https://play.joystream.org/video/866;156;Accepted;;16.06.2021;;;New
1128;lyazufey1812;Video\10;https://play.joystream.org/video/867;156;Accepted;;16.06.2021;;;New
1129;lyazufey1812;Video\10;https://play.joystream.org/video/868;156;Accepted;;16.06.2021;;;New
1130;lyazufey1812;Video\10;https://play.joystream.org/video/869;156;Accepted;;16.06.2021;;;New
1131;lyazufey1812;Video\10;https://play.joystream.org/video/870;156;Accepted;;16.06.2021;;;New
1132;lyazufey1812;Video\10;https://play.joystream.org/video/871;156;Accepted;;16.06.2021;;;New
1133;lyazufey1812;Video\10;https://play.joystream.org/video/872;156;Accepted;;16.06.2021;;;New
1134;lyazufey1812;Video\10;https://play.joystream.org/video/873;156;Accepted;;16.06.2021;;;New
1135;lyazufey1812;Video\10;https://play.joystream.org/video/874;156;Accepted;;16.06.2021;;;New
1136;lyazufey1812;Video\10;https://play.joystream.org/video/875;156;Accepted;;16.06.2021;;;New
1137;lyazufey1812;Video\10;https://play.joystream.org/video/876;156;Accepted;;16.06.2021;;;New
1138;lyazufey1812;Video\10;https://play.joystream.org/video/877;156;Accepted;;16.06.2021;;;New
1139;lyazufey1812;Video\10;https://play.joystream.org/video/878;156;Accepted;;16.06.2021;;;New
1140;lyazufey1812;Video\10;https://play.joystream.org/video/879;156;Accepted;;16.06.2021;;;New
1141;lyazufey1812;Video\10;https://play.joystream.org/video/880;156;Accepted;;16.06.2021;;;New
1142;lyazufey1812;Video\10;https://play.joystream.org/video/881;156;Accepted;;16.06.2021;;;New
1143;lyazufey1812;Video\10;https://play.joystream.org/video/882;156;Accepted;;16.06.2021;;;New
1144;lyazufey1812;Video\10;https://play.joystream.org/video/883;156;Accepted;;16.06.2021;;;New
1145;lyazufey1812;Video\10;https://play.joystream.org/video/884;156;Accepted;;16.06.2021;;;New
1146;lyazufey1812;Video\10;https://play.joystream.org/video/885;156;Accepted;;16.06.2021;;;New
1147;lyazufey1812;Video\10;https://play.joystream.org/video/886;156;Accepted;;16.06.2021;;;New
1148;lyazufey1812;Video\10;https://play.joystream.org/video/887;156;Accepted;;16.06.2021;;;New
1149;lyazufey1812;Video\10;https://play.joystream.org/video/888;156;Accepted;;16.06.2021;;;New
1150;lyazufey1812;Video\10;https://play.joystream.org/video/889;156;Accepted;;16.06.2021;;;New
1151;lyazufey1812;Video\10;https://play.joystream.org/video/890;156;Accepted;;16.06.2021;;;New
1152;lyazufey1812;Video\10;https://play.joystream.org/video/891;156;Accepted;;16.06.2021;;;New
1153;lyazufey1812;Video\10;https://play.joystream.org/video/892;156;Accepted;;16.06.2021;;;New
1154;lyazufey1812;Video\10;https://play.joystream.org/video/893;156;Accepted;;16.06.2021;;;New
1155;lyazufey1812;Video\10;https://play.joystream.org/video/894;156;Accepted;;16.06.2021;;;New
1156;lyazufey1812;Video\10;https://play.joystream.org/video/895;156;Accepted;;16.06.2021;;;New
1157;lyazufey1812;Video\10;https://play.joystream.org/video/896;156;Accepted;;16.06.2021;;;New
1158;lyazufey1812;Video\10;https://play.joystream.org/video/897;156;Accepted;;16.06.2021;;;New
1159;lyazufey1812;Video\10;https://play.joystream.org/video/898;156;Accepted;;16.06.2021;;;New
1160;lyazufey1812;Video\10;https://play.joystream.org/video/899;156;Accepted;;16.06.2021;;;New
1161;lyazufey1812;Video\10;https://play.joystream.org/video/900;156;Accepted;;16.06.2021;;;New
1162;lyazufey1812;Video\10;https://play.joystream.org/video/901;156;Accepted;;16.06.2021;;;New
1163;lyazufey1812;Video\10;https://play.joystream.org/video/902;156;Accepted;;16.06.2021;;;New
1164;lyazufey1812;Video\10;https://play.joystream.org/video/903;156;Accepted;;16.06.2021;;;New
1165;lyazufey1812;Video\10;https://play.joystream.org/video/904;156;Accepted;;16.06.2021;;;New
1166;lyazufey1812;Video\10;https://play.joystream.org/video/905;156;Accepted;;16.06.2021;;;New
1167;lyazufey1812;Video\10;https://play.joystream.org/video/906;156;Accepted;;16.06.2021;;;New
1168;lyazufey1812;Video\10;https://play.joystream.org/video/907;156;Accepted;;16.06.2021;;;New
1169;lyazufey1812;Video\10;https://play.joystream.org/video/908;156;Accepted;;16.06.2021;;;New
1170;lyazufey1812;Video\10;https://play.joystream.org/video/909;156;Accepted;;16.06.2021;;;New
1171;lyazufey1812;Video\10;https://play.joystream.org/video/910;156;Accepted;;16.06.2021;;;New
1172;lyazufey1812;Video\10;https://play.joystream.org/video/911;156;Accepted;;16.06.2021;;;New
1173;lyazufey1812;Video\10;https://play.joystream.org/video/912;156;Accepted;;16.06.2021;;;New
1174;lyazufey1812;Video\10;https://play.joystream.org/video/913;156;Accepted;;16.06.2021;;;New
1175;lyazufey1812;Video\10;https://play.joystream.org/video/914;156;Accepted;;16.06.2021;;;New
1176;lyazufey1812;Video\10;https://play.joystream.org/video/915;156;Accepted;;16.06.2021;;;New
1177;lyazufey1812;Video\10;https://play.joystream.org/video/916;156;Accepted;;16.06.2021;;;New
1178;lyazufey1812;Video\10;https://play.joystream.org/video/917;156;Accepted;;16.06.2021;;;New
1179;lyazufey1812;Video\10;https://play.joystream.org/video/918;156;Accepted;;16.06.2021;;;New
1180;lyazufey1812;Video\10;https://play.joystream.org/video/919;156;Accepted;;16.06.2021;;;New
1181;lyazufey1812;Video\10;https://play.joystream.org/video/920;156;Accepted;;16.06.2021;;;New
1182;lyazufey1812;Video\10;https://play.joystream.org/video/921;156;Accepted;;16.06.2021;;;New
1183;lyazufey1812;Video\10;https://play.joystream.org/video/922;156;Accepted;;16.06.2021;;;New
1184;lyazufey1812;Video\10;https://play.joystream.org/video/923;156;Accepted;;16.06.2021;;;New
1185;lyazufey1812;Video\10;https://play.joystream.org/video/924;156;Accepted;;16.06.2021;;;New
1186;lyazufey1812;Video\10;https://play.joystream.org/video/925;156;Accepted;;16.06.2021;;;New
1187;lyazufey1812;Video\10;https://play.joystream.org/video/926;156;Accepted;;16.06.2021;;;New
1188;lyazufey1812;Video\10;https://play.joystream.org/video/927;156;Accepted;;16.06.2021;;;New
1189;lyazufey1812;Video\10;https://play.joystream.org/video/928;156;Accepted;;16.06.2021;;;New
1190;lyazufey1812;Video\10;https://play.joystream.org/video/929;156;Accepted;;16.06.2021;;;New
1191;lyazufey1812;Video\10;https://play.joystream.org/video/930;156;Accepted;;16.06.2021;;;New
1192;lyazufey1812;Video\10;https://play.joystream.org/video/931;156;Accepted;;17.06.2021;;;New
1193;lyazufey1812;Video\10;https://play.joystream.org/video/932;156;Accepted;;17.06.2021;;;New
1194;lyazufey1812;Video\10;https://play.joystream.org/video/933;74;Accepted;;17.06.2021;;;New
1195;lyazufey1812;Video\10;https://play.joystream.org/video/934;74;Accepted;;17.06.2021;;;New
1196;lyazufey1812;Video\10;https://play.joystream.org/video/935;156;Accepted;;17.06.2021;;;New
1197;lyazufey1812;Video\10;https://play.joystream.org/video/936;156;Accepted;;17.06.2021;;;New
1198;lyazufey1812;Video\10;https://play.joystream.org/video/937;156;Accepted;;17.06.2021;;;New
1199;lyazufey1812;Video\10;https://play.joystream.org/video/938;156;Accepted;;17.06.2021;;;New
1200;lyazufey1812;Video\10;https://play.joystream.org/video/939;156;Accepted;;17.06.2021;;;New
1201;lyazufey1812;Video\10;https://play.joystream.org/video/941;156;Accepted;;17.06.2021;;;New
1202;lyazufey1812;Video\10;https://play.joystream.org/video/942;156;Accepted;;17.06.2021;;;New
1203;lyazufey1812;Video\10;https://play.joystream.org/video/943;156;Accepted;;17.06.2021;;;New
1204;lyazufey1812;Video\10;https://play.joystream.org/video/944;156;Accepted;;17.06.2021;;;New
1205;lyazufey1812;Video\10;https://play.joystream.org/video/945;156;Accepted;;17.06.2021;;;New
1206;lyazufey1812;Video\10;https://play.joystream.org/video/946;156;Accepted;;17.06.2021;;;New
1207;IgreX;Video\10;https://play.joystream.org/video/1110;163;Accepted;;18.06.2021;;;New
1208;IgreX;Video\10;https://play.joystream.org/video/1109;163;Accepted;;18.06.2021;;;New
1209;IgreX;Video\10;https://play.joystream.org/video/1108;163;Accepted;;18.06.2021;;;New
1210;IgreX;Video\10;https://play.joystream.org/video/1107;163;Accepted;;18.06.2021;;;New
1211;IgreX;Video\10;https://play.joystream.org/video/1104;163;Accepted;;18.06.2021;;;New
1212;IgreX;Video\10;https://play.joystream.org/video/1103;163;Accepted;;18.06.2021;;;New
1213;IgreX;Video\10;https://play.joystream.org/video/755;147;Accepted;;18.06.2021;;;New
1214;IgreX;Video\10;https://play.joystream.org/video/779;74;Accepted;;18.06.2021;;;New
1215;IgreX;Video\10;https://play.joystream.org/video/780;74;Accepted;;18.06.2021;;;New
1216;IgreX;Video\10;https://play.joystream.org/video/781;74;Accepted;;18.06.2021;;;New
1217;IgreX;Video\10;https://play.joystream.org/video/782;74;Accepted;;18.06.2021;;;New
1218;IgreX;Video\10;https://play.joystream.org/video/785;74;Accepted;;18.06.2021;;;New
1219;IgreX;Video\10;https://play.joystream.org/video/793;74;Accepted;;18.06.2021;;;New
1220;IgreX;Video\10;https://play.joystream.org/video/795;74;Accepted;;18.06.2021;;;New
1221;IgreX;Video\10;https://play.joystream.org/video/797;74;Accepted;;18.06.2021;;;New
